Folder Name,Full Path
000 bc batgt qldt 2024 bc 6 thang,D:\PC QLDT\ho so cong viec\000 bc batgt qldt 2024 bc 6 thang
000 bc dttgtvt cqtm 2024 bc 6 thg,D:\PC QLDT\ho so cong viec\000 bc dttgtvt cqtm 2024 bc 6 thg
000 bc qldt lan anh 2024 bao cao ktxh 6 thang nam 2024,D:\PC QLDT\ho so cong viec\000 bc qldt lan anh 2024 bao cao ktxh 6 thang nam 2024
000 bc ubndh 2024 bc tien do qh xd vung huyen qh chung xd xa,D:\PC QLDT\ho so cong viec\000 bc ubndh 2024 bc tien do qh xd vung huyen qh chung xd xa
000 bc ubndh qldt 2024 bc ket qua thu hien ket luan thanh uy,D:\PC QLDT\ho so cong viec\000 bc ubndh qldt 2024 bc ket qua thu hien ket luan thanh uy
000 bc ubndh qldt 2024 bc khop noi hop tac phat trien phuc tho thach that,D:\PC QLDT\ho so cong viec\000 bc ubndh qldt 2024 bc khop noi hop tac phat trien phuc tho thach that
000 bc ubndh tckh 2024 bc dieu chinh von du an cap thanh pho,D:\PC QLDT\ho so cong viec\000 bc ubndh tckh 2024 bc dieu chinh von du an cap thanh pho
000 bc ubndtp cqtm 2024 bc chuong trinh phat trien do thi ha noi,D:\PC QLDT\ho so cong viec\000 bc ubndtp cqtm 2024 bc chuong trinh phat trien do thi ha noi
000 cv qldt dung 2024 chi gioi duong do khu dau gia Doc Moi,D:\PC QLDT\ho so cong viec\000 cv qldt dung 2024 chi gioi duong do khu dau gia Doc Moi
000 cv qldt dung 2024 danh muc quan ly ha tang ky thuat,D:\PC QLDT\ho so cong viec\000 cv qldt dung 2024 danh muc quan ly ha tang ky thuat
000 cv qldt dung 2024 phuong an cai tao cac tru so ubndh huyen,D:\PC QLDT\ho so cong viec\000 cv qldt dung 2024 phuong an cai tao cac tru so ubndh huyen
000 cv qldt dung 2024 y kien quy hoach thu do benh vien da khoa phuc tho khu hiep thuan,D:\PC QLDT\ho so cong viec\000 cv qldt dung 2024 y kien quy hoach thu do benh vien da khoa phuc tho khu hiep thuan
000 cv ubndh kt 2024 tra loi ban giao re2 don ong thanh,D:\PC QLDT\ho so cong viec\000 cv ubndh kt 2024 tra loi ban giao re2 don ong thanh
000 cv ubndh qldt 2024 danh muc vung san xuat tap trung,D:\PC QLDT\ho so cong viec\000 cv ubndh qldt 2024 danh muc vung san xuat tap trung
000 cv ubndh qldt 2024 goy y quy hoach thu do lan 3,D:\PC QLDT\ho so cong viec\000 cv ubndh qldt 2024 goy y quy hoach thu do lan 3
000 cv ubndh qldt 2024 phuong tien dua don hs,D:\PC QLDT\ho so cong viec\000 cv ubndh qldt 2024 phuong tien dua don hs
000 td qldt dung 2023 sua chua 2023,D:\PC QLDT\ho so cong viec\000 td qldt dung 2023 sua chua 2023
000 td qldt dung 2024 tc bcktkt to chuc giao thong 2024 son go giam toc,D:\PC QLDT\ho so cong viec\000 td qldt dung 2024 tc bcktkt to chuc giao thong 2024 son go giam toc
000 td qldt dung 2024 td bcnckt duong ql32 di 421 rang nhan tui mat,D:\PC QLDT\ho so cong viec\000 td qldt dung 2024 td bcnckt duong ql32 di 421 rang nhan tui mat
000 ttr ubndh qldt 2024 xin y kien chu truong dinh huong qh trung tam thi tran,D:\PC QLDT\ho so cong viec\000 ttr ubndh qldt 2024 xin y kien chu truong dinh huong qh trung tam thi tran
001 td qldt dung 2019 cai tao sua chua duong thuong coc hat mon,D:\PC QLDT\ho so cong viec\001 td qldt dung 2019 cai tao sua chua duong thuong coc hat mon
001 td qldt dung 2019 danh so nha thi tran,D:\PC QLDT\ho so cong viec\001 td qldt dung 2019 danh so nha thi tran
001 td qldt dung 2019 duong ben re,D:\PC QLDT\ho so cong viec\001 td qldt dung 2019 duong ben re
001 td qldt dung 2019 duong van ha,D:\PC QLDT\ho so cong viec\001 td qldt dung 2019 duong van ha
001 td qldt dung 2019 duong vanh dai,D:\PC QLDT\ho so cong viec\001 td qldt dung 2019 duong vanh dai
001 td qldt dung 2019 duy tu sua chua duong tu phuc hoa di long xuyen,D:\PC QLDT\ho so cong viec\001 td qldt dung 2019 duy tu sua chua duong tu phuc hoa di long xuyen
001 td qldt dung 2019 son go giam toc,D:\PC QLDT\ho so cong viec\001 td qldt dung 2019 son go giam toc
01 bb sgtvt cqtm 2024,D:\PC QLDT\ho so cong viec\01 bb sgtvt cqtm 2024
01 cv qldt dung 2024,D:\PC QLDT\ho so cong viec\01 cv qldt dung 2024
01 nq hdndtp cqtm 2024,D:\PC QLDT\ho so cong viec\01 nq hdndtp cqtm 2024
01 td qldt dung 2024,D:\PC QLDT\ho so cong viec\01 td qldt dung 2024
01 vbhn bgtvt cqtm 2022,D:\PC QLDT\ho so cong viec\01 vbhn bgtvt cqtm 2022
01.01.2024 cbgvl  sxd cqtm 2024,D:\PC QLDT\ho so cong viec\01.01.2024 cbgvl  sxd cqtm 2024
01234,D:\PC QLDT\ho so cong viec\01234
02.01.2024 cbgvl sxd cqtm 2024,D:\PC QLDT\ho so cong viec\02.01.2024 cbgvl sxd cqtm 2024
03 nq hdndh cqtm 2024,D:\PC QLDT\ho so cong viec\03 nq hdndh cqtm 2024
04.2021 tt bnnptnt cqtm 2021,D:\PC QLDT\ho so cong viec\04.2021 tt bnnptnt cqtm 2021
05 cv ubndh cqtm 2024,D:\PC QLDT\ho so cong viec\05 cv ubndh cqtm 2024
05 da ubndh cqtm 2024,D:\PC QLDT\ho so cong viec\05 da ubndh cqtm 2024
05 td qldt dung 2023,D:\PC QLDT\ho so cong viec\05 td qldt dung 2023
05 td qldt dung 2024,D:\PC QLDT\ho so cong viec\05 td qldt dung 2024
06 cv ubndh cqtm 2024,D:\PC QLDT\ho so cong viec\06 cv ubndh cqtm 2024
06 td qldt dung 2023,D:\PC QLDT\ho so cong viec\06 td qldt dung 2023
06 td qldt dung 2024,D:\PC QLDT\ho so cong viec\06 td qldt dung 2024
06.2023 tt bgtvt cqtm 2023,D:\PC QLDT\ho so cong viec\06.2023 tt bgtvt cqtm 2023
07 cv qldt cqtm 2024,D:\PC QLDT\ho so cong viec\07 cv qldt cqtm 2024
07.2022 tt bgtvt cqtm 2022,D:\PC QLDT\ho so cong viec\07.2022 tt bgtvt cqtm 2022
08 td qldt dung 2023,D:\PC QLDT\ho so cong viec\08 td qldt dung 2023
08.2023 qd ubndh nv 2023,D:\PC QLDT\ho so cong viec\08.2023 qd ubndh nv 2023
09 nq hdndh cqtm 2024,D:\PC QLDT\ho so cong viec\09 nq hdndh cqtm 2024
09 td qldt dung 2023,D:\PC QLDT\ho so cong viec\09 td qldt dung 2023
09 td qldt dung 2024,D:\PC QLDT\ho so cong viec\09 td qldt dung 2024
10 cv ubndh qldt 2024,D:\PC QLDT\ho so cong viec\10 cv ubndh qldt 2024
10 nq hdndh cqtm 2024,D:\PC QLDT\ho so cong viec\10 nq hdndh cqtm 2024
100 bc qldt 2024,D:\PC QLDT\ho so cong viec\100 bc qldt 2024
1006 qd ubndh qldt 2023,D:\PC QLDT\ho so cong viec\1006 qd ubndh qldt 2023
101 bc qldt 2024,D:\PC QLDT\ho so cong viec\101 bc qldt 2024
101 td qldt dung 2024,D:\PC QLDT\ho so cong viec\101 td qldt dung 2024
1013 qd ubndh 2024,D:\PC QLDT\ho so cong viec\1013 qd ubndh 2024
1014 qd ubndh qldt 2024,D:\PC QLDT\ho so cong viec\1014 qd ubndh qldt 2024
102 td qldt dung 2024,D:\PC QLDT\ho so cong viec\102 td qldt dung 2024
1029 ubndhtp 2024,D:\PC QLDT\ho so cong viec\1029 ubndhtp 2024
103 td qldt dung 2024,D:\PC QLDT\ho so cong viec\103 td qldt dung 2024
104 td qldt dung 2024,D:\PC QLDT\ho so cong viec\104 td qldt dung 2024
104 ttr qldt 2024,D:\PC QLDT\ho so cong viec\104 ttr qldt 2024
1051 ubndh 2024,D:\PC QLDT\ho so cong viec\1051 ubndh 2024
106 td qldt dung 2024,D:\PC QLDT\ho so cong viec\106 td qldt dung 2024
107 kh batgttp cqtm 2024,D:\PC QLDT\ho so cong viec\107 kh batgttp cqtm 2024
107 td qldt dung 2024,D:\PC QLDT\ho so cong viec\107 td qldt dung 2024
1079 ubndh 2023,D:\PC QLDT\ho so cong viec\1079 ubndh 2023
108 td qldt dung 2024,D:\PC QLDT\ho so cong viec\108 td qldt dung 2024
1082 cv stc cqtm 2024,D:\PC QLDT\ho so cong viec\1082 cv stc cqtm 2024
1083 tb ubnd 2023,D:\PC QLDT\ho so cong viec\1083 tb ubnd 2023
1090 ubndh 2023,D:\PC QLDT\ho so cong viec\1090 ubndh 2023
1091 ubndh 2023,D:\PC QLDT\ho so cong viec\1091 ubndh 2023
1096 ubndh 2024,D:\PC QLDT\ho so cong viec\1096 ubndh 2024
11 nq hdndh cqtm 2024,D:\PC QLDT\ho so cong viec\11 nq hdndh cqtm 2024
11 vbhn bgtvt cqtm 2022,D:\PC QLDT\ho so cong viec\11 vbhn bgtvt cqtm 2022
1107 sgtvt 2024,D:\PC QLDT\ho so cong viec\1107 sgtvt 2024
1120 cv stttt cds 2024,D:\PC QLDT\ho so cong viec\1120 cv stttt cds 2024
113 gm ubndh 2024,D:\PC QLDT\ho so cong viec\113 gm ubndh 2024
113 td qldt dung 2024,D:\PC QLDT\ho so cong viec\113 td qldt dung 2024
1141 cv sqhkt cqtm 2024,D:\PC QLDT\ho so cong viec\1141 cv sqhkt cqtm 2024
1142 ubndh 2023,D:\PC QLDT\ho so cong viec\1142 ubndh 2023
115 td qldt dung 2023,D:\PC QLDT\ho so cong viec\115 td qldt dung 2023
1158 tb ubndh vp 2024,D:\PC QLDT\ho so cong viec\1158 tb ubndh vp 2024
116 qldt 2024,D:\PC QLDT\ho so cong viec\116 qldt 2024
117 bc qldt dung 2024 td phuong an tuyen duong thuong coc hat mon,D:\PC QLDT\ho so cong viec\117 bc qldt dung 2024 td phuong an tuyen duong thuong coc hat mon
117 bc ubndh tnmt 2024 du an cham trien khai can xu ly,D:\PC QLDT\ho so cong viec\117 bc ubndh tnmt 2024 du an cham trien khai can xu ly
1170 cv ubndh qldt 2024,D:\PC QLDT\ho so cong viec\1170 cv ubndh qldt 2024
1179 ubndh 2024,D:\PC QLDT\ho so cong viec\1179 ubndh 2024
1181 ubndh 2024,D:\PC QLDT\ho so cong viec\1181 ubndh 2024
1182 ttr ubndh 2024,D:\PC QLDT\ho so cong viec\1182 ttr ubndh 2024
119 kh ubndh 2023,D:\PC QLDT\ho so cong viec\119 kh ubndh 2023
119 td qldt dung 2023,D:\PC QLDT\ho so cong viec\119 td qldt dung 2023
1196 qd ubndh 2024,D:\PC QLDT\ho so cong viec\1196 qd ubndh 2024
1196 qd ubndh qldt 2024,D:\PC QLDT\ho so cong viec\1196 qd ubndh qldt 2024
12.2014 tt bgtvt cqtm 2014,D:\PC QLDT\ho so cong viec\12.2014 tt bgtvt cqtm 2014
1201 ubndh 2023,D:\PC QLDT\ho so cong viec\1201 ubndh 2023
121 ubndh 2024,D:\PC QLDT\ho so cong viec\121 ubndh 2024
1210 qd ubndh tckh 2023,D:\PC QLDT\ho so cong viec\1210 qd ubndh tckh 2023
1211 ubndh 2023,D:\PC QLDT\ho so cong viec\1211 ubndh 2023
123 td qldt dung 2024,D:\PC QLDT\ho so cong viec\123 td qldt dung 2024
1235 ubndh 2024,D:\PC QLDT\ho so cong viec\1235 ubndh 2024
124  td qldt dung 2023,D:\PC QLDT\ho so cong viec\124  td qldt dung 2023
1241 ubndh 2023,D:\PC QLDT\ho so cong viec\1241 ubndh 2023
1241 ubndh 2024,D:\PC QLDT\ho so cong viec\1241 ubndh 2024
1243 ubndh 2024,D:\PC QLDT\ho so cong viec\1243 ubndh 2024
126 bc qldt 2024,D:\PC QLDT\ho so cong viec\126 bc qldt 2024
1265 ubndh 2024,D:\PC QLDT\ho so cong viec\1265 ubndh 2024
1267 cv sqhkt cqtm 2024,D:\PC QLDT\ho so cong viec\1267 cv sqhkt cqtm 2024
128 tb qldt 2023,D:\PC QLDT\ho so cong viec\128 tb qldt 2023
1288 sgtvt 2024,D:\PC QLDT\ho so cong viec\1288 sgtvt 2024
129 tb qldt 2023,D:\PC QLDT\ho so cong viec\129 tb qldt 2023
1292 qd ubndtp cqtm 2018,D:\PC QLDT\ho so cong viec\1292 qd ubndtp cqtm 2018
1299 ubndh 2023,D:\PC QLDT\ho so cong viec\1299 ubndh 2023
13 nq hdnd cqtm 2021,D:\PC QLDT\ho so cong viec\13 nq hdnd cqtm 2021
13 nq hdndh cqtm 2021,D:\PC QLDT\ho so cong viec\13 nq hdndh cqtm 2021
13 td qldt dung 2023,D:\PC QLDT\ho so cong viec\13 td qldt dung 2023
13 ttr ubndhatmon cqtm 2024 dieu chinh vi tri tru so bch qs hat mon,D:\PC QLDT\ho so cong viec\13 ttr ubndhatmon cqtm 2024 dieu chinh vi tri tru so bch qs hat mon
13.2020 tt bgtvt cqtm2020,D:\PC QLDT\ho so cong viec\13.2020 tt bgtvt cqtm2020
130 tb qldt 2023,D:\PC QLDT\ho so cong viec\130 tb qldt 2023
130 td qldt dung 2023,D:\PC QLDT\ho so cong viec\130 td qldt dung 2023
1300 ubndh 2023,D:\PC QLDT\ho so cong viec\1300 ubndh 2023
131 td qldt dung 2024,D:\PC QLDT\ho so cong viec\131 td qldt dung 2024
1313 ubndh 2024,D:\PC QLDT\ho so cong viec\1313 ubndh 2024
1315 ubndh 2023,D:\PC QLDT\ho so cong viec\1315 ubndh 2023
132 td qldt dung 2023,D:\PC QLDT\ho so cong viec\132 td qldt dung 2023
1334 qd ubndh 2024,D:\PC QLDT\ho so cong viec\1334 qd ubndh 2024
1337 cv svhtt cqtm 2024,D:\PC QLDT\ho so cong viec\1337 cv svhtt cqtm 2024
1339 ubndh 2023,D:\PC QLDT\ho so cong viec\1339 ubndh 2023
134 cv qldt dung 2024 phuong an tuyen duong vao cum cong nghiep,D:\PC QLDT\ho so cong viec\134 cv qldt dung 2024 phuong an tuyen duong vao cum cong nghiep
134 gm ubndh 2024,D:\PC QLDT\ho so cong viec\134 gm ubndh 2024
135 td qldt dung 2024,D:\PC QLDT\ho so cong viec\135 td qldt dung 2024
1360 ttr ubndh 2024,D:\PC QLDT\ho so cong viec\1360 ttr ubndh 2024
1368 ubndh 2024,D:\PC QLDT\ho so cong viec\1368 ubndh 2024
1382 ttr ubndh 2024,D:\PC QLDT\ho so cong viec\1382 ttr ubndh 2024
1386 ubndh 2024,D:\PC QLDT\ho so cong viec\1386 ubndh 2024
1387 ubndh 2024,D:\PC QLDT\ho so cong viec\1387 ubndh 2024
14 tb ubndvongxuyen cqtm 2024,D:\PC QLDT\ho so cong viec\14 tb ubndvongxuyen cqtm 2024
140 bc qldt dung 2024,D:\PC QLDT\ho so cong viec\140 bc qldt dung 2024
140 td qldt dung 2023,D:\PC QLDT\ho so cong viec\140 td qldt dung 2023
1401 kh ubndh 2023,D:\PC QLDT\ho so cong viec\1401 kh ubndh 2023
1405 qd ubndh qldt 2021,D:\PC QLDT\ho so cong viec\1405 qd ubndh qldt 2021
1405 qd ubndtp 2024,D:\PC QLDT\ho so cong viec\1405 qd ubndtp 2024
141 td qldt dung  2024,D:\PC QLDT\ho so cong viec\141 td qldt dung  2024
142 td qldt dung  2024,D:\PC QLDT\ho so cong viec\142 td qldt dung  2024
1421 ttr ubndh 2023,D:\PC QLDT\ho so cong viec\1421 ttr ubndh 2023
143 bc qldt dung 2024,D:\PC QLDT\ho so cong viec\143 bc qldt dung 2024
1431 cv snn cqtm 2024,D:\PC QLDT\ho so cong viec\1431 cv snn cqtm 2024
145 cv qldt qldt 2024,D:\PC QLDT\ho so cong viec\145 cv qldt qldt 2024
1452 ubndh 2024,D:\PC QLDT\ho so cong viec\1452 ubndh 2024
1453 ubndh 2024,D:\PC QLDT\ho so cong viec\1453 ubndh 2024
146 bc ubndh dung 2024,D:\PC QLDT\ho so cong viec\146 bc ubndh dung 2024
146 ubndh qldt 2024,D:\PC QLDT\ho so cong viec\146 ubndh qldt 2024
1474 ubndh 2024,D:\PC QLDT\ho so cong viec\1474 ubndh 2024
1479 cv sqhkt cqtm 2024,D:\PC QLDT\ho so cong viec\1479 cv sqhkt cqtm 2024
148 td qldt dung  2024,D:\PC QLDT\ho so cong viec\148 td qldt dung  2024
1484 ubndh 2024,D:\PC QLDT\ho so cong viec\1484 ubndh 2024
1486 ubndh 2024,D:\PC QLDT\ho so cong viec\1486 ubndh 2024
149 bc ubndh qldt 2024,D:\PC QLDT\ho so cong viec\149 bc ubndh qldt 2024
149 td qldt dung  2024,D:\PC QLDT\ho so cong viec\149 td qldt dung  2024
1494 cv ubndh qldt 2024 ra soat phuong an cum cong nghiep,D:\PC QLDT\ho so cong viec\1494 cv ubndh qldt 2024 ra soat phuong an cum cong nghiep
15 bc bcdctr05tuhn cqtm 2024,D:\PC QLDT\ho so cong viec\15 bc bcdctr05tuhn cqtm 2024
15 nq hdndh cqtm 2024,D:\PC QLDT\ho so cong viec\15 nq hdndh cqtm 2024
15.2021 qd bgtvt cqtm 2021,D:\PC QLDT\ho so cong viec\15.2021 qd bgtvt cqtm 2021
150 tb qldt dung 2023,D:\PC QLDT\ho so cong viec\150 tb qldt dung 2023
1507 ubndh qldt 2024,D:\PC QLDT\ho so cong viec\1507 ubndh qldt 2024
1508 ubndh 2023,D:\PC QLDT\ho so cong viec\1508 ubndh 2023
151 tb qldt dung 2023,D:\PC QLDT\ho so cong viec\151 tb qldt dung 2023
151 td qldt dung 2023,D:\PC QLDT\ho so cong viec\151 td qldt dung 2023
152 td qldt dung  2024,D:\PC QLDT\ho so cong viec\152 td qldt dung  2024
1527 cv ubndh qldt 2024 ra soat phuong an cum cong nghiep,D:\PC QLDT\ho so cong viec\1527 cv ubndh qldt 2024 ra soat phuong an cum cong nghiep
1548 cv ubndh tckh 2024,D:\PC QLDT\ho so cong viec\1548 cv ubndh tckh 2024
155 tb bqlda cqtm 2024,D:\PC QLDT\ho so cong viec\155 tb bqlda cqtm 2024
156 cv qldt dung 2023,D:\PC QLDT\ho so cong viec\156 cv qldt dung 2023
1562 ubndh 2024,D:\PC QLDT\ho so cong viec\1562 ubndh 2024
157 td qldt dung 2023,D:\PC QLDT\ho so cong viec\157 td qldt dung 2023
158 bc qldt dung 2024,D:\PC QLDT\ho so cong viec\158 bc qldt dung 2024
158 kh batgttp cqtm 2024,D:\PC QLDT\ho so cong viec\158 kh batgttp cqtm 2024
1583 cv ubndh qldt 2024,D:\PC QLDT\ho so cong viec\1583 cv ubndh qldt 2024
1588 kh ubndh 2023,D:\PC QLDT\ho so cong viec\1588 kh ubndh 2023
159 bc qldt dung 2024,D:\PC QLDT\ho so cong viec\159 bc qldt dung 2024
159 gm ubndh 2024,D:\PC QLDT\ho so cong viec\159 gm ubndh 2024
159 qldt 2023,D:\PC QLDT\ho so cong viec\159 qldt 2023
1598 cv snv cqtm 2024,D:\PC QLDT\ho so cong viec\1598 cv snv cqtm 2024
16 nq hdndh cqtm 2021,D:\PC QLDT\ho so cong viec\16 nq hdndh cqtm 2021
16 nq hdndh cqtm 2024,D:\PC QLDT\ho so cong viec\16 nq hdndh cqtm 2024
160 bc qldt 2024,D:\PC QLDT\ho so cong viec\160 bc qldt 2024
160 bc ubndh 2024,D:\PC QLDT\ho so cong viec\160 bc ubndh 2024
1607 cv sxd cqtm 2024,D:\PC QLDT\ho so cong viec\1607 cv sxd cqtm 2024
161 bc qldt 2024,D:\PC QLDT\ho so cong viec\161 bc qldt 2024
161 bc ubndh 2024,D:\PC QLDT\ho so cong viec\161 bc ubndh 2024
161 cv skhdt cqtm 2024,D:\PC QLDT\ho so cong viec\161 cv skhdt cqtm 2024
162 bc ubndh 2024,D:\PC QLDT\ho so cong viec\162 bc ubndh 2024
1635 ubndtp 2024 gia han thoi gian thuc hien du an duong tinh 418,D:\PC QLDT\ho so cong viec\1635 ubndtp 2024 gia han thoi gian thuc hien du an duong tinh 418
1640 cv ubndh qldt 2024 tham gia y kien qh thu do,D:\PC QLDT\ho so cong viec\1640 cv ubndh qldt 2024 tham gia y kien qh thu do
165 td qldt dung  2024,D:\PC QLDT\ho so cong viec\165 td qldt dung  2024
165 ttr qldt 2024,D:\PC QLDT\ho so cong viec\165 ttr qldt 2024
1653 hd ubndh 2023,D:\PC QLDT\ho so cong viec\1653 hd ubndh 2023
1655 ubndh 2023,D:\PC QLDT\ho so cong viec\1655 ubndh 2023
167 td qldt dung  2024,D:\PC QLDT\ho so cong viec\167 td qldt dung  2024
168 td qldt dung  2024,D:\PC QLDT\ho so cong viec\168 td qldt dung  2024
1694 cv ubndh qldt 2024,D:\PC QLDT\ho so cong viec\1694 cv ubndh qldt 2024
1696 cv ubndh tckh 2024,D:\PC QLDT\ho so cong viec\1696 cv ubndh tckh 2024
17 cv qldt dung 2024,D:\PC QLDT\ho so cong viec\17 cv qldt dung 2024
17 nq hdndh cqtm 2021,D:\PC QLDT\ho so cong viec\17 nq hdndh cqtm 2021
1700 kh ubndh cah 2024,D:\PC QLDT\ho so cong viec\1700 kh ubndh cah 2024
1701 cv ubndh qldt 2024,D:\PC QLDT\ho so cong viec\1701 cv ubndh qldt 2024
172 td qldt dung 2023,D:\PC QLDT\ho so cong viec\172 td qldt dung 2023
173 td qldt dung 2024,D:\PC QLDT\ho so cong viec\173 td qldt dung 2024
174 td qldt dung 2023,D:\PC QLDT\ho so cong viec\174 td qldt dung 2023
1741 ubndh 2023,D:\PC QLDT\ho so cong viec\1741 ubndh 2023
1766 cv sqhkt cqtm 2024,D:\PC QLDT\ho so cong viec\1766 cv sqhkt cqtm 2024
1768 ubndh 2023,D:\PC QLDT\ho so cong viec\1768 ubndh 2023
179 td qldt dung 2024,D:\PC QLDT\ho so cong viec\179 td qldt dung 2024
1793 cv ubndh qldt 2024,D:\PC QLDT\ho so cong viec\1793 cv ubndh qldt 2024
18 nq hdndh cqtm 2021,D:\PC QLDT\ho so cong viec\18 nq hdndh cqtm 2021
18.2018 tt bgtvt cqtm 2018,D:\PC QLDT\ho so cong viec\18.2018 tt bgtvt cqtm 2018
18.2024 qd ubndtp 2024,D:\PC QLDT\ho so cong viec\18.2024 qd ubndtp 2024
180 cv skhdt cqtm 2024,D:\PC QLDT\ho so cong viec\180 cv skhdt cqtm 2024
180 td qldt dung 2023 can dinh chinh,D:\PC QLDT\ho so cong viec\180 td qldt dung 2023 can dinh chinh
1817 ubndh 2023,D:\PC QLDT\ho so cong viec\1817 ubndh 2023
1818 ubndh 2023,D:\PC QLDT\ho so cong viec\1818 ubndh 2023
1829 cv ubndh tckh 2024,D:\PC QLDT\ho so cong viec\1829 cv ubndh tckh 2024
1832 ttr ubdnh vp 2024,D:\PC QLDT\ho so cong viec\1832 ttr ubdnh vp 2024
1833 cv ubndh qldt 2024,D:\PC QLDT\ho so cong viec\1833 cv ubndh qldt 2024
1837 ubndh 2023,D:\PC QLDT\ho so cong viec\1837 ubndh 2023
184 bc qldt lananh 2024,D:\PC QLDT\ho so cong viec\184 bc qldt lananh 2024
1841 ttr ubndh bqlda 2024 ttr td chu truong dau tu xay dung duong tay thang long,D:\PC QLDT\ho so cong viec\1841 ttr ubndh bqlda 2024 ttr td chu truong dau tu xay dung duong tay thang long
1842 ubndh 2023,D:\PC QLDT\ho so cong viec\1842 ubndh 2023
1859 cv ubndh qldt 2024 de xuat phuong an phat trien ha tang y te,D:\PC QLDT\ho so cong viec\1859 cv ubndh qldt 2024 de xuat phuong an phat trien ha tang y te
186 gm qldt 2024,D:\PC QLDT\ho so cong viec\186 gm qldt 2024
186 td qldt dung 2023,D:\PC QLDT\ho so cong viec\186 td qldt dung 2023
187 td qldt dung 2023,D:\PC QLDT\ho so cong viec\187 td qldt dung 2023
1870 cv ubndh qldt 2024 dinh vi moc ranh gioi duong gt thon xom sen phuong giai doan 1,D:\PC QLDT\ho so cong viec\1870 cv ubndh qldt 2024 dinh vi moc ranh gioi duong gt thon xom sen phuong giai doan 1
1871 cv ubndh qldt 2024 quan ly dua don hoc sinh bang o to,D:\PC QLDT\ho so cong viec\1871 cv ubndh qldt 2024 quan ly dua don hoc sinh bang o to
188 bc qldt 2024,D:\PC QLDT\ho so cong viec\188 bc qldt 2024
188 qldt 2023,D:\PC QLDT\ho so cong viec\188 qldt 2023
188 td qldt dung 2024,D:\PC QLDT\ho so cong viec\188 td qldt dung 2024
189 tb bqlda cqtm 2024,D:\PC QLDT\ho so cong viec\189 tb bqlda cqtm 2024
189 tb bqlda cqtm 2024 tb khoi cong duong phuc hoa long xuyen di thon bao ve long xuyen,D:\PC QLDT\ho so cong viec\189 tb bqlda cqtm 2024 tb khoi cong duong phuc hoa long xuyen di thon bao ve long xuyen
1898 ubndh 2023,D:\PC QLDT\ho so cong viec\1898 ubndh 2023
19 nq hdndh cqtm 2024,D:\PC QLDT\ho so cong viec\19 nq hdndh cqtm 2024
1903 cv ubndh qldt 2024 ra soat kho khan vuong mac du an dau tu cong thanh pho,D:\PC QLDT\ho so cong viec\1903 cv ubndh qldt 2024 ra soat kho khan vuong mac du an dau tu cong thanh pho
1907 cv snn cqtm 2024,D:\PC QLDT\ho so cong viec\1907 cv snn cqtm 2024
1918 ubndh 2023,D:\PC QLDT\ho so cong viec\1918 ubndh 2023
193 qldt 2024,D:\PC QLDT\ho so cong viec\193 qldt 2024
1953 ubndh 2023,D:\PC QLDT\ho so cong viec\1953 ubndh 2023
1973 cv sqhkt cqtm 2024,D:\PC QLDT\ho so cong viec\1973 cv sqhkt cqtm 2024
1987 qd ubndh 2024,D:\PC QLDT\ho so cong viec\1987 qd ubndh 2024
199 td qldt dung 2023,D:\PC QLDT\ho so cong viec\199 td qldt dung 2023
1990 ubndh 2023,D:\PC QLDT\ho so cong viec\1990 ubndh 2023
20 td qldt dung 2024,D:\PC QLDT\ho so cong viec\20 td qldt dung 2024
200 td qldt dung 2023 td bcktkt sua chua duong cac thon xa xuan dinh,D:\PC QLDT\ho so cong viec\200 td qldt dung 2023 td bcktkt sua chua duong cac thon xa xuan dinh
2004 qd ubndh 2024,D:\PC QLDT\ho so cong viec\2004 qd ubndh 2024
201 bc ubndh 2024,D:\PC QLDT\ho so cong viec\201 bc ubndh 2024
202 bc ubndh 2024,D:\PC QLDT\ho so cong viec\202 bc ubndh 2024
2031 qd ubndh 2024,D:\PC QLDT\ho so cong viec\2031 qd ubndh 2024
2044 qd ubndh 2024,D:\PC QLDT\ho so cong viec\2044 qd ubndh 2024
2044 ubndh 2023,D:\PC QLDT\ho so cong viec\2044 ubndh 2023
205 bc ubndh 2024,D:\PC QLDT\ho so cong viec\205 bc ubndh 2024
205 cv qldt dung 2024 td phuong an tuyen duong vao tru so ban chi huy quan su vong xuyen trach my loc,D:\PC QLDT\ho so cong viec\205 cv qldt dung 2024 td phuong an tuyen duong vao tru so ban chi huy quan su vong xuyen trach my loc
2050 qd ubndh tckh 2017,D:\PC QLDT\ho so cong viec\2050 qd ubndh tckh 2017
206 papctttkcn qldt 2023,D:\PC QLDT\ho so cong viec\206 papctttkcn qldt 2023
2073 qd ubndh qldt 2012,D:\PC QLDT\ho so cong viec\2073 qd ubndh qldt 2012
2087 sgtvt 2024,D:\PC QLDT\ho so cong viec\2087 sgtvt 2024
2089 cv sqhkt cqtm 2024,D:\PC QLDT\ho so cong viec\2089 cv sqhkt cqtm 2024
2090 cv sqhkt cqtm 2024,D:\PC QLDT\ho so cong viec\2090 cv sqhkt cqtm 2024
2094 ubndh 2023,D:\PC QLDT\ho so cong viec\2094 ubndh 2023
2096 qd sqhkt cqtm 2018,D:\PC QLDT\ho so cong viec\2096 qd sqhkt cqtm 2018
21 nq hdnd cqtm 2021,D:\PC QLDT\ho so cong viec\21 nq hdnd cqtm 2021
21.2022 tt bgtvt cqtm 2022,D:\PC QLDT\ho so cong viec\21.2022 tt bgtvt cqtm 2022
2109 ubndh 2023,D:\PC QLDT\ho so cong viec\2109 ubndh 2023
211 bc ubndh 2023,D:\PC QLDT\ho so cong viec\211 bc ubndh 2023
212 td qldt dung 2024,D:\PC QLDT\ho so cong viec\212 td qldt dung 2024
213 cv ubndh tckh 2024,D:\PC QLDT\ho so cong viec\213 cv ubndh tckh 2024
213 cv ubndh tckh 2024 khlcnt von chi thuong xuyen,D:\PC QLDT\ho so cong viec\213 cv ubndh tckh 2024 khlcnt von chi thuong xuyen
213 td qldt dung 2023,D:\PC QLDT\ho so cong viec\213 td qldt dung 2023
2130 ubndh 2023,D:\PC QLDT\ho so cong viec\2130 ubndh 2023
214 tb qldt 2024,D:\PC QLDT\ho so cong viec\214 tb qldt 2024
215 td qldt dung 2024,D:\PC QLDT\ho so cong viec\215 td qldt dung 2024
2154 cv ubndtp cqtm 2024,D:\PC QLDT\ho so cong viec\2154 cv ubndtp cqtm 2024
216 tb qldt 2024,D:\PC QLDT\ho so cong viec\216 tb qldt 2024
216 td qldt dung 2023 can dinh chinh,D:\PC QLDT\ho so cong viec\216 td qldt dung 2023 can dinh chinh
2160 qd ubndh qldt 2024,D:\PC QLDT\ho so cong viec\2160 qd ubndh qldt 2024
2167 ubndh 2023,D:\PC QLDT\ho so cong viec\2167 ubndh 2023
2174 qd ubndh qldt 2024 qd phe duyet phuong an tuyen duong thuong coc hat mon,D:\PC QLDT\ho so cong viec\2174 qd ubndh qldt 2024 qd phe duyet phuong an tuyen duong thuong coc hat mon
218 td qldt dung 2023 can dinh chinh,D:\PC QLDT\ho so cong viec\218 td qldt dung 2023 can dinh chinh
219 gp sgtvt 2024,D:\PC QLDT\ho so cong viec\219 gp sgtvt 2024
219 qldt 2023,D:\PC QLDT\ho so cong viec\219 qldt 2023
219 td qldt dung 2024 tc bcktkt to chuc giao thong 2024 son go giam toc,D:\PC QLDT\ho so cong viec\219 td qldt dung 2024 tc bcktkt to chuc giao thong 2024 son go giam toc
2192 qd ubndh 2023,D:\PC QLDT\ho so cong viec\2192 qd ubndh 2023
2193 qd ubndh 2023,D:\PC QLDT\ho so cong viec\2193 qd ubndh 2023
2194 qd ubndh 2023,D:\PC QLDT\ho so cong viec\2194 qd ubndh 2023
2195 qd ubndh 2023,D:\PC QLDT\ho so cong viec\2195 qd ubndh 2023
22 bc qldt 2024,D:\PC QLDT\ho so cong viec\22 bc qldt 2024
220  td qldt dung 2023 can dinh chinh,D:\PC QLDT\ho so cong viec\220  td qldt dung 2023 can dinh chinh
220 qldt 2023,D:\PC QLDT\ho so cong viec\220 qldt 2023
220 td qldt dung 2024 dc bcktkt sua chua duong sen phuong,D:\PC QLDT\ho so cong viec\220 td qldt dung 2024 dc bcktkt sua chua duong sen phuong
222 td qldt dung 2023,D:\PC QLDT\ho so cong viec\222 td qldt dung 2023
2226 ubndh 2023,D:\PC QLDT\ho so cong viec\2226 ubndh 2023
2237 cv sct cqtm2024,D:\PC QLDT\ho so cong viec\2237 cv sct cqtm2024
224 ttr qldt 2023,D:\PC QLDT\ho so cong viec\224 ttr qldt 2023
225 td qldt dung 2024 td dc bcnckt ql32 noi dt 417 di qua den hat mon,D:\PC QLDT\ho so cong viec\225 td qldt dung 2024 td dc bcnckt ql32 noi dt 417 di qua den hat mon
2261 qd ubndh qldt 2024,D:\PC QLDT\ho so cong viec\2261 qd ubndh qldt 2024
2273 qd ubndtp cqtm 2024,D:\PC QLDT\ho so cong viec\2273 qd ubndtp cqtm 2024
228 papctt qldt 2024,D:\PC QLDT\ho so cong viec\228 papctt qldt 2024
228 td qldt dung 2024 td dc bcktkt sua chua duong gt cac thon xa xuan dinh,D:\PC QLDT\ho so cong viec\228 td qldt dung 2024 td dc bcktkt sua chua duong gt cac thon xa xuan dinh
23 nq hdndh cqtm 2021,D:\PC QLDT\ho so cong viec\23 nq hdndh cqtm 2021
23 ttr ubndsenphuong cqtm 2024,D:\PC QLDT\ho so cong viec\23 ttr ubndsenphuong cqtm 2024
2306 kh ubndh qldt 2023,D:\PC QLDT\ho so cong viec\2306 kh ubndh qldt 2023
2318 ubndh 2023,D:\PC QLDT\ho so cong viec\2318 ubndh 2023
232 qldt 2023,D:\PC QLDT\ho so cong viec\232 qldt 2023
233 qldt 2024,D:\PC QLDT\ho so cong viec\233 qldt 2024
233 td qldt dung 2023 can dinh chinh,D:\PC QLDT\ho so cong viec\233 td qldt dung 2023 can dinh chinh
233 ubndh 2024,D:\PC QLDT\ho so cong viec\233 ubndh 2024
234 bc ubndh 2024,D:\PC QLDT\ho so cong viec\234 bc ubndh 2024
235 ttr qldt 2024 cap phep thi cong dao duong phục vu du an cap nuoc cac xa,D:\PC QLDT\ho so cong viec\235 ttr qldt 2024 cap phep thi cong dao duong phục vu du an cap nuoc cac xa
238 td qldt dung 2023,D:\PC QLDT\ho so cong viec\238 td qldt dung 2023
2388 cv sgtvt cqtm 2024,D:\PC QLDT\ho so cong viec\2388 cv sgtvt cqtm 2024
239 bc ubndh 2024,D:\PC QLDT\ho so cong viec\239 bc ubndh 2024
2392 qd bgtvt cqtm 2004 quoc lo 32,D:\PC QLDT\ho so cong viec\2392 qd bgtvt cqtm 2004 quoc lo 32
2397 qd ubndh qldt 2018,D:\PC QLDT\ho so cong viec\2397 qd ubndh qldt 2018
2399 qd ubndh 2023,D:\PC QLDT\ho so cong viec\2399 qd ubndh 2023
24 qldt 2023,D:\PC QLDT\ho so cong viec\24 qldt 2023
24 tb ubndvongxuyen cqtm 2024,D:\PC QLDT\ho so cong viec\24 tb ubndvongxuyen cqtm 2024
240 cv qldt dung 2024,D:\PC QLDT\ho so cong viec\240 cv qldt dung 2024
241 td qldt dung 2023 can dinh chinh,D:\PC QLDT\ho so cong viec\241 td qldt dung 2023 can dinh chinh
2421 qd ubndh qldt 2024,D:\PC QLDT\ho so cong viec\2421 qd ubndh qldt 2024
2441 qd ubndh qldt 2018,D:\PC QLDT\ho so cong viec\2441 qd ubndh qldt 2018
245 td qldt dung 2023,D:\PC QLDT\ho so cong viec\245 td qldt dung 2023
246 td qldt dung 2023,D:\PC QLDT\ho so cong viec\246 td qldt dung 2023
2468 cv sqhkt cqtm 2024,D:\PC QLDT\ho so cong viec\2468 cv sqhkt cqtm 2024
247 tb qldt 2024,D:\PC QLDT\ho so cong viec\247 tb qldt 2024
248 td qldt dung 2023,D:\PC QLDT\ho so cong viec\248 td qldt dung 2023
2492 qd ubndh qldt2024,D:\PC QLDT\ho so cong viec\2492 qd ubndh qldt2024
25 nq hdndtp cqtm 2024,D:\PC QLDT\ho so cong viec\25 nq hdndtp cqtm 2024
25 nq hupt cqtm 2024,D:\PC QLDT\ho so cong viec\25 nq hupt cqtm 2024
25 td qldt dung 2024,D:\PC QLDT\ho so cong viec\25 td qldt dung 2024
251 gp sgtvt 2024,D:\PC QLDT\ho so cong viec\251 gp sgtvt 2024
2511 qd ubndtp cqtm 2024,D:\PC QLDT\ho so cong viec\2511 qd ubndtp cqtm 2024
252 bc qldt 2023,D:\PC QLDT\ho so cong viec\252 bc qldt 2023
252 td qldt dung 2023,D:\PC QLDT\ho so cong viec\252 td qldt dung 2023
2521 qd ubndh qldt 2018,D:\PC QLDT\ho so cong viec\2521 qd ubndh qldt 2018
2524 cv sqhkt cqtm 2024,D:\PC QLDT\ho so cong viec\2524 cv sqhkt cqtm 2024
253 ttr qldt 2024,D:\PC QLDT\ho so cong viec\253 ttr qldt 2024
2556 cv ubndtp cqtm 2024,D:\PC QLDT\ho so cong viec\2556 cv ubndtp cqtm 2024
2557 qd ubndh qldt 2018,D:\PC QLDT\ho so cong viec\2557 qd ubndh qldt 2018
256 td qldt dung 2023,D:\PC QLDT\ho so cong viec\256 td qldt dung 2023
257 td qldt dung 2023,D:\PC QLDT\ho so cong viec\257 td qldt dung 2023
2573 qd ubndh qldt 2024,D:\PC QLDT\ho so cong viec\2573 qd ubndh qldt 2024
2581 qd bgtvt cqtm 2004,D:\PC QLDT\ho so cong viec\2581 qd bgtvt cqtm 2004
2597 qd ubndh qldt 2024,D:\PC QLDT\ho so cong viec\2597 qd ubndh qldt 2024
26 td qldt dung 2024,D:\PC QLDT\ho so cong viec\26 td qldt dung 2024
2610 qd ubndtp cqtm 2024,D:\PC QLDT\ho so cong viec\2610 qd ubndtp cqtm 2024
262 td qldt dung 2023,D:\PC QLDT\ho so cong viec\262 td qldt dung 2023
263 qldt 2024,D:\PC QLDT\ho so cong viec\263 qldt 2024
2649 qd ubndh 2023,D:\PC QLDT\ho so cong viec\2649 qd ubndh 2023
265 ttr ubndh 2024,D:\PC QLDT\ho so cong viec\265 ttr ubndh 2024
266 td qldt dung 2023 td bcktkt ao dam xuan dinh,D:\PC QLDT\ho so cong viec\266 td qldt dung 2023 td bcktkt ao dam xuan dinh
267 td qldt dung 2023,D:\PC QLDT\ho so cong viec\267 td qldt dung 2023
268 td qldt dung 2023,D:\PC QLDT\ho so cong viec\268 td qldt dung 2023
269 tb qldt dung 2024,D:\PC QLDT\ho so cong viec\269 tb qldt dung 2024
269 td qldt dung 2023,D:\PC QLDT\ho so cong viec\269 td qldt dung 2023
27 bc qldt 2024,D:\PC QLDT\ho so cong viec\27 bc qldt 2024
270 td qldt dung 2023,D:\PC QLDT\ho so cong viec\270 td qldt dung 2023
271 td qldt dung 2023,D:\PC QLDT\ho so cong viec\271 td qldt dung 2023
272 bc tdqh qldt 2023,D:\PC QLDT\ho so cong viec\272 bc tdqh qldt 2023
272 bc ubndh 2023,D:\PC QLDT\ho so cong viec\272 bc ubndh 2023
2720 qd ubndh qldt 2018,D:\PC QLDT\ho so cong viec\2720 qd ubndh qldt 2018
273 bc tdqh qldt 2023,D:\PC QLDT\ho so cong viec\273 bc tdqh qldt 2023
274 bc tdqh qldt 2023,D:\PC QLDT\ho so cong viec\274 bc tdqh qldt 2023
274 gm ubndh 2024,D:\PC QLDT\ho so cong viec\274 gm ubndh 2024
2744 qd ubndh qldt 2018,D:\PC QLDT\ho so cong viec\2744 qd ubndh qldt 2018
2745 qd ubndh qldt 2018,D:\PC QLDT\ho so cong viec\2745 qd ubndh qldt 2018
275 bc tdqh qldt 2023,D:\PC QLDT\ho so cong viec\275 bc tdqh qldt 2023
2750 qd ubndh qldt 2018,D:\PC QLDT\ho so cong viec\2750 qd ubndh qldt 2018
2751 qd ubndh qldt 2018,D:\PC QLDT\ho so cong viec\2751 qd ubndh qldt 2018
2752 qd ubndh qldt 2018,D:\PC QLDT\ho so cong viec\2752 qd ubndh qldt 2018
2753 qd ubndh qldt 2018,D:\PC QLDT\ho so cong viec\2753 qd ubndh qldt 2018
2754 qd ubndh qldt 2018,D:\PC QLDT\ho so cong viec\2754 qd ubndh qldt 2018
2756 qd ubndh qldt 2018,D:\PC QLDT\ho so cong viec\2756 qd ubndh qldt 2018
2758 qd ubndh qldt 2018,D:\PC QLDT\ho so cong viec\2758 qd ubndh qldt 2018
2758 qd ubndh qldt 2024,D:\PC QLDT\ho so cong viec\2758 qd ubndh qldt 2024
2759 qd ubndh qldt 2018,D:\PC QLDT\ho so cong viec\2759 qd ubndh qldt 2018
2759 qd ubndh qldt 2024,D:\PC QLDT\ho so cong viec\2759 qd ubndh qldt 2024
276 bc tdqh qldt 2023,D:\PC QLDT\ho so cong viec\276 bc tdqh qldt 2023
276 qldt 2024,D:\PC QLDT\ho so cong viec\276 qldt 2024
2760 qd ubndh qldt 2018,D:\PC QLDT\ho so cong viec\2760 qd ubndh qldt 2018
2762 qd ubndh qldt 2018,D:\PC QLDT\ho so cong viec\2762 qd ubndh qldt 2018
277 bc tdqh qldt 2023,D:\PC QLDT\ho so cong viec\277 bc tdqh qldt 2023
277 bc ubndh 2024,D:\PC QLDT\ho so cong viec\277 bc ubndh 2024
277 qldt 2024,D:\PC QLDT\ho so cong viec\277 qldt 2024
2801 cv sct cqtm 2024,D:\PC QLDT\ho so cong viec\2801 cv sct cqtm 2024
2827 qd ubndh 2023,D:\PC QLDT\ho so cong viec\2827 qd ubndh 2023
2841 cv sgtvt cqtm 2024,D:\PC QLDT\ho so cong viec\2841 cv sgtvt cqtm 2024
2869 qd ubndh qldt 2024,D:\PC QLDT\ho so cong viec\2869 qd ubndh qldt 2024
2870 qd ubndh qldt 2024,D:\PC QLDT\ho so cong viec\2870 qd ubndh qldt 2024
2871 qd ubndh qldt 2024,D:\PC QLDT\ho so cong viec\2871 qd ubndh qldt 2024
2872 qd ubndh qldt 2024,D:\PC QLDT\ho so cong viec\2872 qd ubndh qldt 2024
29 td qldt dung 2023,D:\PC QLDT\ho so cong viec\29 td qldt dung 2023
290 qldt 2024,D:\PC QLDT\ho so cong viec\290 qldt 2024
291 qldt 2023,D:\PC QLDT\ho so cong viec\291 qldt 2023
291 qldt 2024,D:\PC QLDT\ho so cong viec\291 qldt 2024
291 td qldt dung 2023,D:\PC QLDT\ho so cong viec\291 td qldt dung 2023
292 td qldt dung 2023,D:\PC QLDT\ho so cong viec\292 td qldt dung 2023
292 ubndh 2024,D:\PC QLDT\ho so cong viec\292 ubndh 2024
293 td qldt dung 2023,D:\PC QLDT\ho so cong viec\293 td qldt dung 2023
2932 qd sgtvt cqtm 2024,D:\PC QLDT\ho so cong viec\2932 qd sgtvt cqtm 2024
294 td qldt dung 2023,D:\PC QLDT\ho so cong viec\294 td qldt dung 2023
297 cv ubndh qldt 2023 ra quan trat tu an toan giao thong ve sinh moi truong 2023,D:\PC QLDT\ho so cong viec\297 cv ubndh qldt 2023 ra quan trat tu an toan giao thong ve sinh moi truong 2023
297 td qldt dung 2023,D:\PC QLDT\ho so cong viec\297 td qldt dung 2023
2976 qd ubndh qldt 2024,D:\PC QLDT\ho so cong viec\2976 qd ubndh qldt 2024
298 qldt 2023,D:\PC QLDT\ho so cong viec\298 qldt 2023
2996 qd ubndh qldt 2024,D:\PC QLDT\ho so cong viec\2996 qd ubndh qldt 2024
2997 qd ubndh qldt 2024,D:\PC QLDT\ho so cong viec\2997 qd ubndh qldt 2024
30 bc hdndh cqtm 2024,D:\PC QLDT\ho so cong viec\30 bc hdndh cqtm 2024
301 td qldt dung 2023,D:\PC QLDT\ho so cong viec\301 td qldt dung 2023
303 bc ubndh 2024,D:\PC QLDT\ho so cong viec\303 bc ubndh 2024
3044 cv sct cqtm 2024,D:\PC QLDT\ho so cong viec\3044 cv sct cqtm 2024
3057 qd ubndh qldt 2024,D:\PC QLDT\ho so cong viec\3057 qd ubndh qldt 2024
3068 qd ubndh dqlttxd 2024 doan kiem tra clct vsmt atld,D:\PC QLDT\ho so cong viec\3068 qd ubndh dqlttxd 2024 doan kiem tra clct vsmt atld
308 td qldt dung 2023,D:\PC QLDT\ho so cong viec\308 td qldt dung 2023
309 qldt 2024,D:\PC QLDT\ho so cong viec\309 qldt 2024
31 bc ubndh 2024,D:\PC QLDT\ho so cong viec\31 bc ubndh 2024
31 td qldt dung 2023,D:\PC QLDT\ho so cong viec\31 td qldt dung 2023
310 cv qldt dung 2024,D:\PC QLDT\ho so cong viec\310 cv qldt dung 2024
3107 qd ubndh qldt 2024,D:\PC QLDT\ho so cong viec\3107 qd ubndh qldt 2024
311 cv qldt dung 2024 cung cap so lieu htkt mam non thanh da,D:\PC QLDT\ho so cong viec\311 cv qldt dung 2024 cung cap so lieu htkt mam non thanh da
311 qd ubndh 2024,D:\PC QLDT\ho so cong viec\311 qd ubndh 2024
312 qldt 2023,D:\PC QLDT\ho so cong viec\312 qldt 2023
316 bc ubndh 2024,D:\PC QLDT\ho so cong viec\316 bc ubndh 2024
317 bc ubndh 2024,D:\PC QLDT\ho so cong viec\317 bc ubndh 2024
318 tb qldt 2023,D:\PC QLDT\ho so cong viec\318 tb qldt 2023
319 tb qldt 2023,D:\PC QLDT\ho so cong viec\319 tb qldt 2023
32.2014 tt bgtvt cqtm 2014,D:\PC QLDT\ho so cong viec\32.2014 tt bgtvt cqtm 2014
3207 qd ubndh qldt 2024,D:\PC QLDT\ho so cong viec\3207 qd ubndh qldt 2024
321 gm qldt 2024,D:\PC QLDT\ho so cong viec\321 gm qldt 2024
321 qldt 2023,D:\PC QLDT\ho so cong viec\321 qldt 2023
3212 qd ubndh qldt 2024,D:\PC QLDT\ho so cong viec\3212 qd ubndh qldt 2024
323 ubndh 2024,D:\PC QLDT\ho so cong viec\323 ubndh 2024
324 qd ubndh 2023,D:\PC QLDT\ho so cong viec\324 qd ubndh 2023
324 qldt 2024,D:\PC QLDT\ho so cong viec\324 qldt 2024
3241 qd ubndh qldt 2024,D:\PC QLDT\ho so cong viec\3241 qd ubndh qldt 2024
3244 qd ubntp cqtm 2019,D:\PC QLDT\ho so cong viec\3244 qd ubntp cqtm 2019
325 cv qldt dung 2024,D:\PC QLDT\ho so cong viec\325 cv qldt dung 2024
326 cv qldt dung 2024,D:\PC QLDT\ho so cong viec\326 cv qldt dung 2024
3285 qd ubndtp cqtm 2024,D:\PC QLDT\ho so cong viec\3285 qd ubndtp cqtm 2024
329 kh ubndh 2024,D:\PC QLDT\ho so cong viec\329 kh ubndh 2024
334 tb qldt 2024,D:\PC QLDT\ho so cong viec\334 tb qldt 2024
335 tb qldt 2024,D:\PC QLDT\ho so cong viec\335 tb qldt 2024
336 qldt 2023,D:\PC QLDT\ho so cong viec\336 qldt 2023
337 cv qldt dung 2024 tham gia y kien phuong an bien chi dan sen phuong,D:\PC QLDT\ho so cong viec\337 cv qldt dung 2024 tham gia y kien phuong an bien chi dan sen phuong
337 qldt 2023,D:\PC QLDT\ho so cong viec\337 qldt 2023
338 gm qldt 2023,D:\PC QLDT\ho so cong viec\338 gm qldt 2023
34.2024 qd ubndtp 2024,D:\PC QLDT\ho so cong viec\34.2024 qd ubndtp 2024
341 bc qldt 2023,D:\PC QLDT\ho so cong viec\341 bc qldt 2023
341 qldt 2024,D:\PC QLDT\ho so cong viec\341 qldt 2024
343 cv qldt dung 2024 cung cap so lieu htkt duong vao tru so quan su vong xuyen trach my loc,D:\PC QLDT\ho so cong viec\343 cv qldt dung 2024 cung cap so lieu htkt duong vao tru so quan su vong xuyen trach my loc
343 tb qldt 2023,D:\PC QLDT\ho so cong viec\343 tb qldt 2023
3432 qd ubndh qldt 2024,D:\PC QLDT\ho so cong viec\3432 qd ubndh qldt 2024
3464 cv hupt cqtm 2024,D:\PC QLDT\ho so cong viec\3464 cv hupt cqtm 2024
3472 cv sgtvt cqtm 2024,D:\PC QLDT\ho so cong viec\3472 cv sgtvt cqtm 2024
3479 cv sgtvt cqtm 2024,D:\PC QLDT\ho so cong viec\3479 cv sgtvt cqtm 2024
3498 qd ubndtp cqtm 2024,D:\PC QLDT\ho so cong viec\3498 qd ubndtp cqtm 2024
35 bc ubndh 2023,D:\PC QLDT\ho so cong viec\35 bc ubndh 2023
35.2017 tt bgtvt cqtm 2017,D:\PC QLDT\ho so cong viec\35.2017 tt bgtvt cqtm 2017
350 qd ubndtp 2024,D:\PC QLDT\ho so cong viec\350 qd ubndtp 2024
350 ttr qldt 2024,D:\PC QLDT\ho so cong viec\350 ttr qldt 2024
352 kh ubndh 2024,D:\PC QLDT\ho so cong viec\352 kh ubndh 2024
353 qldt 2023,D:\PC QLDT\ho so cong viec\353 qldt 2023
3531 qd ubndh 2023,D:\PC QLDT\ho so cong viec\3531 qd ubndh 2023
354 bc ubndh 2024,D:\PC QLDT\ho so cong viec\354 bc ubndh 2024
355 qldt 2024,D:\PC QLDT\ho so cong viec\355 qldt 2024
355 ubndh 2024,D:\PC QLDT\ho so cong viec\355 ubndh 2024
356 qldt 2024,D:\PC QLDT\ho so cong viec\356 qldt 2024
3566 qd ubndtp cqtm 2024,D:\PC QLDT\ho so cong viec\3566 qd ubndtp cqtm 2024
3576 qd ubndh qldt 2024,D:\PC QLDT\ho so cong viec\3576 qd ubndh qldt 2024
3577 qd ubndh qldt 2024,D:\PC QLDT\ho so cong viec\3577 qd ubndh qldt 2024
3578 qd ubndh qldt 2024,D:\PC QLDT\ho so cong viec\3578 qd ubndh qldt 2024
3579 qd ubndh qldt 2024,D:\PC QLDT\ho so cong viec\3579 qd ubndh qldt 2024
358 ttr qldt 2024,D:\PC QLDT\ho so cong viec\358 ttr qldt 2024
3580 qd ubndh qldt 2024,D:\PC QLDT\ho so cong viec\3580 qd ubndh qldt 2024
36.2020 tt bgtvt cqtm 2020,D:\PC QLDT\ho so cong viec\36.2020 tt bgtvt cqtm 2020
362 qldt 2023,D:\PC QLDT\ho so cong viec\362 qldt 2023
363 bc ubndh qldt 2024,D:\PC QLDT\ho so cong viec\363 bc ubndh qldt 2024
3646A cv cahn hc 2024,D:\PC QLDT\ho so cong viec\3646A cv cahn hc 2024
365 qldt 2023,D:\PC QLDT\ho so cong viec\365 qldt 2023
3654 cv sct qlcn 2024,D:\PC QLDT\ho so cong viec\3654 cv sct qlcn 2024
366 ttr qldt 2023,D:\PC QLDT\ho so cong viec\366 ttr qldt 2023
368 bc ubndh qldt 2024,D:\PC QLDT\ho so cong viec\368 bc ubndh qldt 2024
37.2018 tt bgtvt cqtm 2018,D:\PC QLDT\ho so cong viec\37.2018 tt bgtvt cqtm 2018
371 tb qldt 2023,D:\PC QLDT\ho so cong viec\371 tb qldt 2023
3713 qd ubndh qldt 2024,D:\PC QLDT\ho so cong viec\3713 qd ubndh qldt 2024
3724 qd ubndtp cqtm 2024,D:\PC QLDT\ho so cong viec\3724 qd ubndtp cqtm 2024
373 bc ubndh qldt 2024,D:\PC QLDT\ho so cong viec\373 bc ubndh qldt 2024
3737 qd ubndh qldt 2024,D:\PC QLDT\ho so cong viec\3737 qd ubndh qldt 2024
3739 qd ubndh qldt 2024,D:\PC QLDT\ho so cong viec\3739 qd ubndh qldt 2024
377 bc ubndh qldt 2024,D:\PC QLDT\ho so cong viec\377 bc ubndh qldt 2024
380 qldt 2024,D:\PC QLDT\ho so cong viec\380 qldt 2024
380 tb qldt 2023,D:\PC QLDT\ho so cong viec\380 tb qldt 2023
381 bc ubndh tnmt 2023 du an cham trien khai can xu ly,D:\PC QLDT\ho so cong viec\381 bc ubndh tnmt 2023 du an cham trien khai can xu ly
381 qldt 2024 lich ktctnt nghia trang thon ky uc thi tran phuc tho,D:\PC QLDT\ho so cong viec\381 qldt 2024 lich ktctnt nghia trang thon ky uc thi tran phuc tho
382 kh ubndh 2023,D:\PC QLDT\ho so cong viec\382 kh ubndh 2023
382 qldt 2023,D:\PC QLDT\ho so cong viec\382 qldt 2023
3838 qd ubndtp cqtm 2024,D:\PC QLDT\ho so cong viec\3838 qd ubndtp cqtm 2024
384 bc ubndh 2023,D:\PC QLDT\ho so cong viec\384 bc ubndh 2023
384 tb qldt 2023,D:\PC QLDT\ho so cong viec\384 tb qldt 2023
387 qldt 2024,D:\PC QLDT\ho so cong viec\387 qldt 2024
3878 qd ubndh qldt 2021,D:\PC QLDT\ho so cong viec\3878 qd ubndh qldt 2021
388 qldt 2023,D:\PC QLDT\ho so cong viec\388 qldt 2023
3899 qd ubndh qldt 2024,D:\PC QLDT\ho so cong viec\3899 qd ubndh qldt 2024
39.2021 tt bgtvt cqtm 2021,D:\PC QLDT\ho so cong viec\39.2021 tt bgtvt cqtm 2021
392 cv qldt dung 2024,D:\PC QLDT\ho so cong viec\392 cv qldt dung 2024
3921 qd ubndh qldt 2024,D:\PC QLDT\ho so cong viec\3921 qd ubndh qldt 2024
393 bc ubndh 2023,D:\PC QLDT\ho so cong viec\393 bc ubndh 2023
3931 qd ubndh tckh 2017,D:\PC QLDT\ho so cong viec\3931 qd ubndh tckh 2017
394 gm ubndh 2024,D:\PC QLDT\ho so cong viec\394 gm ubndh 2024
3944 qd ubndh qldt 2024,D:\PC QLDT\ho so cong viec\3944 qd ubndh qldt 2024
3945 qd ubndh qldt 2024,D:\PC QLDT\ho so cong viec\3945 qd ubndh qldt 2024
395 cv ubndh qldt 2019,D:\PC QLDT\ho so cong viec\395 cv ubndh qldt 2019
395 qldt 2023,D:\PC QLDT\ho so cong viec\395 qldt 2023
3973 qd ubndh qldt 2024,D:\PC QLDT\ho so cong viec\3973 qd ubndh qldt 2024
398 qldt 2023,D:\PC QLDT\ho so cong viec\398 qldt 2023
3982 qd ubndh 2023,D:\PC QLDT\ho so cong viec\3982 qd ubndh 2023
399 qldt 2023,D:\PC QLDT\ho so cong viec\399 qldt 2023
399 tb qldt dung 2024 ktctnt nghia trang thon ky uc thi tran phuc tho,D:\PC QLDT\ho so cong viec\399 tb qldt dung 2024 ktctnt nghia trang thon ky uc thi tran phuc tho
3990 qd ubndh qldt 2024,D:\PC QLDT\ho so cong viec\3990 qd ubndh qldt 2024
3998 qd ubndh qldt 2024,D:\PC QLDT\ho so cong viec\3998 qd ubndh qldt 2024
40 td qldt dung 2023,D:\PC QLDT\ho so cong viec\40 td qldt dung 2023
4011 cv cahn hcv 2024,D:\PC QLDT\ho so cong viec\4011 cv cahn hcv 2024
402 bc qldt 2023,D:\PC QLDT\ho so cong viec\402 bc qldt 2023
403 bc qldt 2023,D:\PC QLDT\ho so cong viec\403 bc qldt 2023
404 bc ubndh 2023,D:\PC QLDT\ho so cong viec\404 bc ubndh 2023
4094 qd ubndh qldt 2024 phe duyet bcktkt to chuc giao thong 2024,D:\PC QLDT\ho so cong viec\4094 qd ubndh qldt 2024 phe duyet bcktkt to chuc giao thong 2024
41 bc qldt  dung 2024,D:\PC QLDT\ho so cong viec\41 bc qldt  dung 2024
41 cv ubndh qldt 2024,D:\PC QLDT\ho so cong viec\41 cv ubndh qldt 2024
410 qldt 2023,D:\PC QLDT\ho so cong viec\410 qldt 2023
412 cv qldt dung 2023,D:\PC QLDT\ho so cong viec\412 cv qldt dung 2023
414 bc ubndh bqlda 2024 bc chu truong dau tu duong tay thang long,D:\PC QLDT\ho so cong viec\414 bc ubndh bqlda 2024 bc chu truong dau tu duong tay thang long
414 ttr qldt dung 2024 phe duyet khclnt ct to chuc giao thong 2024,D:\PC QLDT\ho so cong viec\414 ttr qldt dung 2024 phe duyet khclnt ct to chuc giao thong 2024
415 bc ubndh bqlda 2024 giai trinh bao cao chu truong duong tay thang long,D:\PC QLDT\ho so cong viec\415 bc ubndh bqlda 2024 giai trinh bao cao chu truong duong tay thang long
416 cv qldt dung 2023,D:\PC QLDT\ho so cong viec\416 cv qldt dung 2023
417 qldt 2023,D:\PC QLDT\ho so cong viec\417 qldt 2023
4178 qd ubndh qldt 2024 dc da ql32 di tl417 au den hat mon,D:\PC QLDT\ho so cong viec\4178 qd ubndh qldt 2024 dc da ql32 di tl417 au den hat mon
419 gm qldt 2023,D:\PC QLDT\ho so cong viec\419 gm qldt 2023
42 bc qldt dung 2024,D:\PC QLDT\ho so cong viec\42 bc qldt dung 2024
4213 qd ubndh qldt 2024 dc du an su chua duong cac thon xuan dinh,D:\PC QLDT\ho so cong viec\4213 qd ubndh qldt 2024 dc du an su chua duong cac thon xuan dinh
423 cv qldt dung 2024 lich ktctnt duong ranh thoat nuoc ngo xom thi tran phuc tho,D:\PC QLDT\ho so cong viec\423 cv qldt dung 2024 lich ktctnt duong ranh thoat nuoc ngo xom thi tran phuc tho
4231 cv sgtvt cqtm 2024,D:\PC QLDT\ho so cong viec\4231 cv sgtvt cqtm 2024
428 ttr qldt 2023,D:\PC QLDT\ho so cong viec\428 ttr qldt 2023
43 td qldt dung 2023,D:\PC QLDT\ho so cong viec\43 td qldt dung 2023
432 bc qldt 2023,D:\PC QLDT\ho so cong viec\432 bc qldt 2023
433 bc qldt 2023,D:\PC QLDT\ho so cong viec\433 bc qldt 2023
434 bc ubndh qldt 2024 bc quan ly qh ttxd dat dai bai song hong,D:\PC QLDT\ho so cong viec\434 bc ubndh qldt 2024 bc quan ly qh ttxd dat dai bai song hong
4356 qd ubnd nv 2021,D:\PC QLDT\ho so cong viec\4356 qd ubnd nv 2021
4357 qd ubndh 2023,D:\PC QLDT\ho so cong viec\4357 qd ubndh 2023
436 qldt 2023,D:\PC QLDT\ho so cong viec\436 qldt 2023
437 bc qldt 2023,D:\PC QLDT\ho so cong viec\437 bc qldt 2023
438 qldt 2023,D:\PC QLDT\ho so cong viec\438 qldt 2023
4381 qd ubndh 2023,D:\PC QLDT\ho so cong viec\4381 qd ubndh 2023
4382 qd ubndh 2023,D:\PC QLDT\ho so cong viec\4382 qd ubndh 2023
4382 qd ubndh qldt 2023,D:\PC QLDT\ho so cong viec\4382 qd ubndh qldt 2023
4383 qd ubndh 2023,D:\PC QLDT\ho so cong viec\4383 qd ubndh 2023
4383 qd ubndh qldt 2023,D:\PC QLDT\ho so cong viec\4383 qd ubndh qldt 2023
439 ubndh 2024,D:\PC QLDT\ho so cong viec\439 ubndh 2024
44 cv qldt dung 2024,D:\PC QLDT\ho so cong viec\44 cv qldt dung 2024
441 ttr qldt 2023,D:\PC QLDT\ho so cong viec\441 ttr qldt 2023
445 bc sgtvt 2024,D:\PC QLDT\ho so cong viec\445 bc sgtvt 2024
446 qldt 2023,D:\PC QLDT\ho so cong viec\446 qldt 2023
447 qldt 2023,D:\PC QLDT\ho so cong viec\447 qldt 2023
448 qldt 2023,D:\PC QLDT\ho so cong viec\448 qldt 2023
449 bc ubndh 2023,D:\PC QLDT\ho so cong viec\449 bc ubndh 2023
45 cv qldt dung 2024,D:\PC QLDT\ho so cong viec\45 cv qldt dung 2024
4531 qd ubndh 2023,D:\PC QLDT\ho so cong viec\4531 qd ubndh 2023
46 cv qldt dung 2024,D:\PC QLDT\ho so cong viec\46 cv qldt dung 2024
46 td qldt dung 2024,D:\PC QLDT\ho so cong viec\46 td qldt dung 2024
461 bc qldt 2023,D:\PC QLDT\ho so cong viec\461 bc qldt 2023
461 ubndh 2024,D:\PC QLDT\ho so cong viec\461 ubndh 2024
462 bc qldt 2023,D:\PC QLDT\ho so cong viec\462 bc qldt 2023
463 bc qldt 2023,D:\PC QLDT\ho so cong viec\463 bc qldt 2023
4659 qd ubndh 2023,D:\PC QLDT\ho so cong viec\4659 qd ubndh 2023
4678 qd ubndh 2023,D:\PC QLDT\ho so cong viec\4678 qd ubndh 2023
469 qd sxd cqtm 2024,D:\PC QLDT\ho so cong viec\469 qd sxd cqtm 2024
47 cv qldt dung 2024,D:\PC QLDT\ho so cong viec\47 cv qldt dung 2024
47 td qldt dung 2024,D:\PC QLDT\ho so cong viec\47 td qldt dung 2024
472 qldt 2023,D:\PC QLDT\ho so cong viec\472 qldt 2023
473 qldt 2023,D:\PC QLDT\ho so cong viec\473 qldt 2023
474 qldt 2023,D:\PC QLDT\ho so cong viec\474 qldt 2023
475 qldt 2023,D:\PC QLDT\ho so cong viec\475 qldt 2023
476 qldt 2023,D:\PC QLDT\ho so cong viec\476 qldt 2023
477 qldt 2023,D:\PC QLDT\ho so cong viec\477 qldt 2023
478 qldt 2023,D:\PC QLDT\ho so cong viec\478 qldt 2023
478 ubndh 2023,D:\PC QLDT\ho so cong viec\478 ubndh 2023
479 tb qldt 2023,D:\PC QLDT\ho so cong viec\479 tb qldt 2023
48 cv qldt dung 2024,D:\PC QLDT\ho so cong viec\48 cv qldt dung 2024
482 bc qldt 2023,D:\PC QLDT\ho so cong viec\482 bc qldt 2023
483 bc qldt 2023,D:\PC QLDT\ho so cong viec\483 bc qldt 2023
484 bc qldt 2023,D:\PC QLDT\ho so cong viec\484 bc qldt 2023
484 bc ubndh 2023,D:\PC QLDT\ho so cong viec\484 bc ubndh 2023
484 ubndh 2024,D:\PC QLDT\ho so cong viec\484 ubndh 2024
487 ttr qldt 2023,D:\PC QLDT\ho so cong viec\487 ttr qldt 2023
4925 cv sgtvt khtc 2024,D:\PC QLDT\ho so cong viec\4925 cv sgtvt khtc 2024
493 ttr qldt 2023,D:\PC QLDT\ho so cong viec\493 ttr qldt 2023
499 gm qldt 2023,D:\PC QLDT\ho so cong viec\499 gm qldt 2023
50 bc ubndh 2024,D:\PC QLDT\ho so cong viec\50 bc ubndh 2024
50 tb hdnd cqtm 2024,D:\PC QLDT\ho so cong viec\50 tb hdnd cqtm 2024
50 td qldt dung 2023,D:\PC QLDT\ho so cong viec\50 td qldt dung 2023
50.2014 tt bgtvt cqtm 2014,D:\PC QLDT\ho so cong viec\50.2014 tt bgtvt cqtm 2014
50.2015 tt bgtvt cqtm 2015,D:\PC QLDT\ho so cong viec\50.2015 tt bgtvt cqtm 2015
5005 qd ubndh tckh 2022,D:\PC QLDT\ho so cong viec\5005 qd ubndh tckh 2022
502 qldt 2023,D:\PC QLDT\ho so cong viec\502 qldt 2023
502 ubndh 2024,D:\PC QLDT\ho so cong viec\502 ubndh 2024
503 gp ubndh 2024,D:\PC QLDT\ho so cong viec\503 gp ubndh 2024
503 qldt 2023,D:\PC QLDT\ho so cong viec\503 qldt 2023
506 cv dienlucphuctho cqtm 2024,D:\PC QLDT\ho so cong viec\506 cv dienlucphuctho cqtm 2024
506 tb ubndh 2024,D:\PC QLDT\ho so cong viec\506 tb ubndh 2024
507 tb qldt 2023,D:\PC QLDT\ho so cong viec\507 tb qldt 2023
511 gm qldt 2023,D:\PC QLDT\ho so cong viec\511 gm qldt 2023
5110 qd ubndh 2023,D:\PC QLDT\ho so cong viec\5110 qd ubndh 2023
5138 cv sxd cqtm 2024,D:\PC QLDT\ho so cong viec\5138 cv sxd cqtm 2024
517 qldt 2023,D:\PC QLDT\ho so cong viec\517 qldt 2023
5170 qd ubndh tckh 2023,D:\PC QLDT\ho so cong viec\5170 qd ubndh tckh 2023
519 qldt 2023,D:\PC QLDT\ho so cong viec\519 qldt 2023
520 bc ubndh 2023,D:\PC QLDT\ho so cong viec\520 bc ubndh 2023
527 gm ubndh 2023,D:\PC QLDT\ho so cong viec\527 gm ubndh 2023
528 gm qldt 2023,D:\PC QLDT\ho so cong viec\528 gm qldt 2023
5285 qd ubndh 2023,D:\PC QLDT\ho so cong viec\5285 qd ubndh 2023
5288 qd ubndh 2023,D:\PC QLDT\ho so cong viec\5288 qd ubndh 2023
5290 qd ubndh 2023,D:\PC QLDT\ho so cong viec\5290 qd ubndh 2023
5291 qd ubndh 2023,D:\PC QLDT\ho so cong viec\5291 qd ubndh 2023
53 bc ubndh 2023,D:\PC QLDT\ho so cong viec\53 bc ubndh 2023
53 qldt 2024,D:\PC QLDT\ho so cong viec\53 qldt 2024
5303 qd ubndh 2023,D:\PC QLDT\ho so cong viec\5303 qd ubndh 2023
5304 qd ubndh 2023,D:\PC QLDT\ho so cong viec\5304 qd ubndh 2023
5305 qd ubndh 2023,D:\PC QLDT\ho so cong viec\5305 qd ubndh 2023
5309 qd ubndh qldt 2023,D:\PC QLDT\ho so cong viec\5309 qd ubndh qldt 2023
5335 qd ubndtp cqtm 2014,D:\PC QLDT\ho so cong viec\5335 qd ubndtp cqtm 2014
534 ubndh 2024,D:\PC QLDT\ho so cong viec\534 ubndh 2024
54 ttr sxd cqtm 2024,D:\PC QLDT\ho so cong viec\54 ttr sxd cqtm 2024
54 vbhn bgtvt cqtm 2022,D:\PC QLDT\ho so cong viec\54 vbhn bgtvt cqtm 2022
54.2019 tt bgtvt cqtm 2019,D:\PC QLDT\ho so cong viec\54.2019 tt bgtvt cqtm 2019
544 tb qldt 2023,D:\PC QLDT\ho so cong viec\544 tb qldt 2023
546 qldt 2023,D:\PC QLDT\ho so cong viec\546 qldt 2023
5460 qd ubndh qldt 2023,D:\PC QLDT\ho so cong viec\5460 qd ubndh qldt 2023
5461 qd ubndh qldt 2023,D:\PC QLDT\ho so cong viec\5461 qd ubndh qldt 2023
5476 qd ubndh qldt 2023,D:\PC QLDT\ho so cong viec\5476 qd ubndh qldt 2023
55 bc ubndh 2023,D:\PC QLDT\ho so cong viec\55 bc ubndh 2023
55 bc ubndthanhda cqtm 2024 bc kq thuc hien nv ptktxh 6 thang dau nam,D:\PC QLDT\ho so cong viec\55 bc ubndthanhda cqtm 2024 bc kq thuc hien nv ptktxh 6 thang dau nam
552 bc ubndh qldt 2023,D:\PC QLDT\ho so cong viec\552 bc ubndh qldt 2023
555 qldt 2023,D:\PC QLDT\ho so cong viec\555 qldt 2023
5585 qd ubndh qldt 2023,D:\PC QLDT\ho so cong viec\5585 qd ubndh qldt 2023
56 td qldt dung 2024,D:\PC QLDT\ho so cong viec\56 td qldt dung 2024
56 ubndh 2024,D:\PC QLDT\ho so cong viec\56 ubndh 2024
560 tb qldt 2023,D:\PC QLDT\ho so cong viec\560 tb qldt 2023
561 qldt 2023,D:\PC QLDT\ho so cong viec\561 qldt 2023
567 qldt 2023,D:\PC QLDT\ho so cong viec\567 qldt 2023
573 bc qldt 2023,D:\PC QLDT\ho so cong viec\573 bc qldt 2023
5735 qd ubndh qldt 2023,D:\PC QLDT\ho so cong viec\5735 qd ubndh qldt 2023
574 ttr qldt 2023,D:\PC QLDT\ho so cong viec\574 ttr qldt 2023
575 cv snn cqtm 2024,D:\PC QLDT\ho so cong viec\575 cv snn cqtm 2024
580 gm ubndh qldt 2024 gm hoi nghi tien do nuoc sach,D:\PC QLDT\ho so cong viec\580 gm ubndh qldt 2024 gm hoi nghi tien do nuoc sach
581 ttr sgtvt 2024,D:\PC QLDT\ho so cong viec\581 ttr sgtvt 2024
583 tb qldt 2023,D:\PC QLDT\ho so cong viec\583 tb qldt 2023
587 bc ubndh 2023,D:\PC QLDT\ho so cong viec\587 bc ubndh 2023
587 cv vqhxd cqtm 2024,D:\PC QLDT\ho so cong viec\587 cv vqhxd cqtm 2024
589 tb qldt 2023,D:\PC QLDT\ho so cong viec\589 tb qldt 2023
59 td qldt dung 2023,D:\PC QLDT\ho so cong viec\59 td qldt dung 2023
590 tb qldt 2023,D:\PC QLDT\ho so cong viec\590 tb qldt 2023
592 qldt 2023,D:\PC QLDT\ho so cong viec\592 qldt 2023
592 ubndh 2024,D:\PC QLDT\ho so cong viec\592 ubndh 2024
593 qldt 2023,D:\PC QLDT\ho so cong viec\593 qldt 2023
60 tb qldt 2024,D:\PC QLDT\ho so cong viec\60 tb qldt 2024
603 gm qldt 2023,D:\PC QLDT\ho so cong viec\603 gm qldt 2023
604 qldt 2023,D:\PC QLDT\ho so cong viec\604 qldt 2023
6068 qd ubndh qldt 2023,D:\PC QLDT\ho so cong viec\6068 qd ubndh qldt 2023
611 ubndh 2024,D:\PC QLDT\ho so cong viec\611 ubndh 2024
612 tb qldt 2023,D:\PC QLDT\ho so cong viec\612 tb qldt 2023
613 qldt 2023,D:\PC QLDT\ho so cong viec\613 qldt 2023
616 ubndh 2024,D:\PC QLDT\ho so cong viec\616 ubndh 2024
617 ubndh 2024,D:\PC QLDT\ho so cong viec\617 ubndh 2024
6199 qd ubndh tckh 2023,D:\PC QLDT\ho so cong viec\6199 qd ubndh tckh 2023
63 ubndh 2024,D:\PC QLDT\ho so cong viec\63 ubndh 2024
6300 cv sxd ttr 2024,D:\PC QLDT\ho so cong viec\6300 cv sxd ttr 2024
648 gm ubndh 2023,D:\PC QLDT\ho so cong viec\648 gm ubndh 2023
65 bc ubndh 2023,D:\PC QLDT\ho so cong viec\65 bc ubndh 2023
651 gm ubndh 2023,D:\PC QLDT\ho so cong viec\651 gm ubndh 2023
659 cv qldt dung 2023,D:\PC QLDT\ho so cong viec\659 cv qldt dung 2023
66 gm ubndh 2024,D:\PC QLDT\ho so cong viec\66 gm ubndh 2024
66 td qldt dung 2023,D:\PC QLDT\ho so cong viec\66 td qldt dung 2023
662 cv  ubndh qldt 2021,D:\PC QLDT\ho so cong viec\662 cv  ubndh qldt 2021
663 ubndh 2024,D:\PC QLDT\ho so cong viec\663 ubndh 2024
664 ubndh 2024,D:\PC QLDT\ho so cong viec\664 ubndh 2024
665 ubndh 2024,D:\PC QLDT\ho so cong viec\665 ubndh 2024
666 ubndh 2024,D:\PC QLDT\ho so cong viec\666 ubndh 2024
6660 cv sxd gdcl 2024 huong dan quan ly chat luong cong trinh,D:\PC QLDT\ho so cong viec\6660 cv sxd gdcl 2024 huong dan quan ly chat luong cong trinh
669 qd ubndh qldt 2024,D:\PC QLDT\ho so cong viec\669 qd ubndh qldt 2024
67 td qldt dung 2023,D:\PC QLDT\ho so cong viec\67 td qldt dung 2023
673 tb qldt 2023,D:\PC QLDT\ho so cong viec\673 tb qldt 2023
674 qldt 2023,D:\PC QLDT\ho so cong viec\674 qldt 2023
685 qldt 2023,D:\PC QLDT\ho so cong viec\685 qldt 2023
685 tb sgtvt 2024,D:\PC QLDT\ho so cong viec\685 tb sgtvt 2024
69 qldt 2024,D:\PC QLDT\ho so cong viec\69 qldt 2024
69 td qldt dung 2023,D:\PC QLDT\ho so cong viec\69 td qldt dung 2023
6945 ttr stnmt cqtm ttr quy dinh boi thuong ho tro tai dinh cu ha noi,D:\PC QLDT\ho so cong viec\6945 ttr stnmt cqtm ttr quy dinh boi thuong ho tro tai dinh cu ha noi
695 qldt 2023,D:\PC QLDT\ho so cong viec\695 qldt 2023
702 ubndh 2024,D:\PC QLDT\ho so cong viec\702 ubndh 2024
706 gm ubndh 2023,D:\PC QLDT\ho so cong viec\706 gm ubndh 2023
7071 qd ubndtp cqtm 2014,D:\PC QLDT\ho so cong viec\7071 qd ubndtp cqtm 2014
7086 cv ubndtp cqtm 2024,D:\PC QLDT\ho so cong viec\7086 cv ubndtp cqtm 2024
71 gm ubndh 2024,D:\PC QLDT\ho so cong viec\71 gm ubndh 2024
71 td qldt dung 2024,D:\PC QLDT\ho so cong viec\71 td qldt dung 2024
711 ubndh 2023,D:\PC QLDT\ho so cong viec\711 ubndh 2023
711 ubndh 2024,D:\PC QLDT\ho so cong viec\711 ubndh 2024
72 td qldt dung 2024,D:\PC QLDT\ho so cong viec\72 td qldt dung 2024
722 qldt 2023,D:\PC QLDT\ho so cong viec\722 qldt 2023
729 bc qldt 2023,D:\PC QLDT\ho so cong viec\729 bc qldt 2023
733 ubndh  2024,D:\PC QLDT\ho so cong viec\733 ubndh  2024
738 qldt 2023,D:\PC QLDT\ho so cong viec\738 qldt 2023
739 cv  sxd cqtm 2024,D:\PC QLDT\ho so cong viec\739 cv  sxd cqtm 2024
739 qldt 2023,D:\PC QLDT\ho so cong viec\739 qldt 2023
74 gm qldt 2024,D:\PC QLDT\ho so cong viec\74 gm qldt 2024
74 td qldt dung 2024,D:\PC QLDT\ho so cong viec\74 td qldt dung 2024
744 qldt 2023,D:\PC QLDT\ho so cong viec\744 qldt 2023
745 qldt 2023,D:\PC QLDT\ho so cong viec\745 qldt 2023
746 qldt 2023,D:\PC QLDT\ho so cong viec\746 qldt 2023
753 qldt 2023,D:\PC QLDT\ho so cong viec\753 qldt 2023
76 qldt 2024,D:\PC QLDT\ho so cong viec\76 qldt 2024
762 ubndh 2024,D:\PC QLDT\ho so cong viec\762 ubndh 2024
781 qldt 2023,D:\PC QLDT\ho so cong viec\781 qldt 2023
784 ttr ubndh 2024,D:\PC QLDT\ho so cong viec\784 ttr ubndh 2024
784 ubndh 2023,D:\PC QLDT\ho so cong viec\784 ubndh 2023
785 ttr ubndh 2024,D:\PC QLDT\ho so cong viec\785 ttr ubndh 2024
799 qldt 2023,D:\PC QLDT\ho so cong viec\799 qldt 2023
800 qldt 2023,D:\PC QLDT\ho so cong viec\800 qldt 2023
809 qldt 2023,D:\PC QLDT\ho so cong viec\809 qldt 2023
810 qldt 2023,D:\PC QLDT\ho so cong viec\810 qldt 2023
829 qldt 2023,D:\PC QLDT\ho so cong viec\829 qldt 2023
836 ttr sgtvt cqtm 2024,D:\PC QLDT\ho so cong viec\836 ttr sgtvt cqtm 2024
837 qldt 2023,D:\PC QLDT\ho so cong viec\837 qldt 2023
84 tb ubndh 2023,D:\PC QLDT\ho so cong viec\84 tb ubndh 2023
842 gm qldt 2023,D:\PC QLDT\ho so cong viec\842 gm qldt 2023
844 tb qldt 2023,D:\PC QLDT\ho so cong viec\844 tb qldt 2023
846 cv ubndh tckh 2024,D:\PC QLDT\ho so cong viec\846 cv ubndh tckh 2024
86 qldt 2023,D:\PC QLDT\ho so cong viec\86 qldt 2023
86 ubndh 2024,D:\PC QLDT\ho so cong viec\86 ubndh 2024
87 td qldt dung 2024,D:\PC QLDT\ho so cong viec\87 td qldt dung 2024
88 bc ubndh 2024,D:\PC QLDT\ho so cong viec\88 bc ubndh 2024
88 qldt 2023,D:\PC QLDT\ho so cong viec\88 qldt 2023
88 td qldt dung 2024,D:\PC QLDT\ho so cong viec\88 td qldt dung 2024
89 qldt 2023,D:\PC QLDT\ho so cong viec\89 qldt 2023
90 qldt 2023,D:\PC QLDT\ho so cong viec\90 qldt 2023
908 ubndh 2024,D:\PC QLDT\ho so cong viec\908 ubndh 2024
916 cv sqhkt cqtm 2024,D:\PC QLDT\ho so cong viec\916 cv sqhkt cqtm 2024
93 td qldt dung 2024,D:\PC QLDT\ho so cong viec\93 td qldt dung 2024
932 ubndh 2024,D:\PC QLDT\ho so cong viec\932 ubndh 2024
939 ubndh 2023,D:\PC QLDT\ho so cong viec\939 ubndh 2023
94 bc ubndh 2024,D:\PC QLDT\ho so cong viec\94 bc ubndh 2024
95 td qldt dung 2023,D:\PC QLDT\ho so cong viec\95 td qldt dung 2023
955 cv ubndh qldt 2024,D:\PC QLDT\ho so cong viec\955 cv ubndh qldt 2024
963 cv sqhkt cqtm 2024,D:\PC QLDT\ho so cong viec\963 cv sqhkt cqtm 2024
97 ubndh 2024,D:\PC QLDT\ho so cong viec\97 ubndh 2024
973 ubndh 2024,D:\PC QLDT\ho so cong viec\973 ubndh 2024
98 qldt 2024,D:\PC QLDT\ho so cong viec\98 qldt 2024
98 td qldt dung 2024,D:\PC QLDT\ho so cong viec\98 td qldt dung 2024
980 qd ubndh 2024,D:\PC QLDT\ho so cong viec\980 qd ubndh 2024
984 qd ubndh 2024,D:\PC QLDT\ho so cong viec\984 qd ubndh 2024
984 ubndh 2023,D:\PC QLDT\ho so cong viec\984 ubndh 2023
988 kh ubndh 2024,D:\PC QLDT\ho so cong viec\988 kh ubndh 2024
99 bc qldt 2024,D:\PC QLDT\ho so cong viec\99 bc qldt 2024
